{
    "const":                     1.257128,
    "bodyweight":               -0.000813,
    "equipment_cable":          -0.197502,
    "equipment_dumbbells":      -0.418104,
    "equipment_machine":         0.340207,
    "prime_mover_21":           -0.062902,
    "prime_mover_45":            0.304097,
    "prime_mover_49":            0.073295,
    "prime_mover_54":            0.021284,
    "prime_mover_55":            0.071873,
    "prime_mover_63":           -0.015901,
    "prime_mover_64":           -0.015901,
    "prime_mover_66":            0.618630,
    "prime_mover_71":            0.021284,
    "prime_mover_76":           -0.385258,
    "prime_mover_81":           -0.062902,
    "prime_mover_82":            0.064409,
    "prime_mover_83":           -0.098730,
    "prime_mover_84":           -0.158984,
    "prime_mover_125":          -0.034320,
    "prime_mover_126":          -0.409875,
    "prime_mover_130":          -0.100855,
    "second_prime_mover_54":     0.282813,
    "second_prime_mover_55":    -0.498346,
    "second_prime_mover_66":     0.526273,
    "second_prime_mover_71":     0.282813,
    "second_prime_mover_83":    -0.049331,
    "second_prime_mover_125":   -0.049331,
    "second_prime_mover_126":    0.276461
}