{
    "name": "Durham Cycling",
    "distance": 11182.550000000001,
    "duration_seconds": 1735.0,
    "workout_sections": [
        {
            "name": "workout",
            "duration_seconds": 1735.0,
            "exercises": [
                {
                    "name": "Durham Cycling",
                    "distance": 11182.550000000001,
                    "duration": 1735.0,
                    "hr": [
                        127.0,
                        122.0,
                        125.0,
                        129.0,
                        132.0,
                        126.0,
                        129.0,
                        129.0,
                        127.0,
                        125.0,
                        126.0,
                        127.0,
                        126.0,
                        126.0,
                        125.0,
                        124.0,
                        123.0,
                        120.0,
                        118.0,
                        114.0,
                        111.0,
                        111.0,
                        113.0,
                        118.0,
                        118.0,
                        121.0,
                        118.0,
                        117.0,
                        113.0,
                        110.0,
                        106.0,
                        104.0,
                        120.0,
                        120.0,
                        117.0,
                        121.0,
                        122.0,
                        119.0,
                        120.0,
                        120.0,
                        123.0,
                        121.0,
                        120.0,
                        117.0,
                        115.0,
                        113.0,
                        108.0,
                        105.0,
                        105.0,
                        108.0,
                        114.0,
                        118.0,
                        119.0,
                        125.0,
                        129.0,
                        132.0,
                        136.0,
                        136.0,
                        132.0,
                        129.0,
                        125.0,
                        126.0,
                        131.0,
                        134.0,
                        131.0,
                        128.0,
                        129.0,
                        132.0,
                        133.0,
                        137.0,
                        140.0,
                        138.0,
                        138.0,
                        138.0,
                        136.0,
                        135.0,
                        133.0,
                        132.0,
                        135.0,
                        135.0,
                        138.0,
                        142.0,
                        145.0,
                        142.0,
                        141.0,
                        140.0,
                        139.0,
                        142.0,
                        144.0,
                        142.0,
                        142.0,
                        140.0,
                        140.0,
                        139.0,
                        139.0,
                        137.0,
                        137.0,
                        137.0,
                        140.0,
                        139.0,
                        136.0,
                        136.0,
                        136.0,
                        136.0,
                        136.0,
                        134.0,
                        133.0,
                        130.0,
                        133.0,
                        133.0,
                        131.0,
                        130.0,
                        128.0,
                        124.0,
                        125.0,
                        127.0,
                        128.0,
                        126.0,
                        126.0,
                        129.0,
                        129.0,
                        129.0,
                        130.0,
                        131.0,
                        132.0,
                        131.0,
                        131.0,
                        131.0,
                        128.0,
                        124.0,
                        122.0,
                        120.0,
                        123.0,
                        124.0,
                        123.0,
                        126.0,
                        130.0,
                        134.0,
                        137.0,
                        142.0,
                        145.0,
                        142.0,
                        139.0,
                        138.0,
                        136.0,
                        133.0,
                        132.0,
                        132.0,
                        131.0,
                        131.0,
                        134.0,
                        134.0,
                        134.0,
                        135.0,
                        137.0,
                        134.0,
                        135.0,
                        137.0,
                        136.0,
                        137.0,
                        137.0,
                        137.0,
                        135.0,
                        137.0,
                        137.0,
                        138.0,
                        137.0,
                        136.0,
                        139.0,
                        139.0,
                        137.0,
                        137.0,
                        141.0,
                        144.0,
                        147.0,
                        150.0,
                        150.0,
                        151.0,
                        147.0,
                        143.0,
                        141.0,
                        138.0,
                        132.0,
                        131.0,
                        127.0,
                        128.0,
                        130.0,
                        130.0,
                        132.0,
                        134.0,
                        132.0,
                        132.0,
                        129.0,
                        129.0,
                        130.0,
                        133.0,
                        134.0,
                        133.0,
                        129.0,
                        126.0,
                        123.0,
                        123.0,
                        124.0,
                        127.0,
                        129.0,
                        132.0,
                        132.0,
                        130.0,
                        127.0,
                        131.0,
                        136.0,
                        139.0,
                        142.0,
                        145.0,
                        142.0,
                        139.0,
                        137.0,
                        137.0,
                        155.0,
                        154.0,
                        146.0,
                        146.0,
                        143.0,
                        140.0,
                        137.0,
                        129.0,
                        125.0,
                        131.0,
                        134.0,
                        134.0,
                        138.0,
                        141.0,
                        139.0,
                        136.0,
                        131.0,
                        126.0,
                        120.0,
                        115.0,
                        109.0,
                        110.0,
                        113.0,
                        118.0,
                        123.0,
                        127.0,
